-- phpMyAdmin SQL Dump
-- version 4.0.10deb1
-- http://www.phpmyadmin.net
--
-- 호스트: localhost
-- 처리한 시간: 15-10-27 19:43
-- 서버 버전: 5.5.44-0ubuntu0.14.04.1
-- PHP 버전: 5.5.9-1ubuntu4.11

SET SQL_MODE = "NO_AUTO_VALUE_ON_ZERO";
SET time_zone = "+00:00";


/*!40101 SET @OLD_CHARACTER_SET_CLIENT=@@CHARACTER_SET_CLIENT */;
/*!40101 SET @OLD_CHARACTER_SET_RESULTS=@@CHARACTER_SET_RESULTS */;
/*!40101 SET @OLD_COLLATION_CONNECTION=@@COLLATION_CONNECTION */;
/*!40101 SET NAMES utf8 */;

--
-- 데이터베이스: `capstone`
--

-- --------------------------------------------------------

--
-- 테이블 구조 `BeaconInformation`
--

CREATE TABLE IF NOT EXISTS `BeaconInformation` (
  `uuid` varchar(255) NOT NULL,
  `sid` int(11) NOT NULL,
  `travelTime` int(11) NOT NULL,
  `state` int(11) NOT NULL
) ENGINE=InnoDB DEFAULT CHARSET=latin1;

--
-- 테이블의 덤프 데이터 `BeaconInformation`
--

INSERT INTO `BeaconInformation` (`uuid`, `sid`, `travelTime`, `state`) VALUES
('D0:39:72:A4:91:D3', 1, 10, 1),
('D0:39:72:A4:96:28', 1, 15, 1),
('D0:39:72:A4:98:CF', 1, 20, 0);

-- --------------------------------------------------------

--
-- 테이블 구조 `BeaconLocation`
--

CREATE TABLE IF NOT EXISTS `BeaconLocation` (
  `uuid` varchar(255) NOT NULL,
  `lng` double NOT NULL,
  `lat` double NOT NULL,
  PRIMARY KEY (`uuid`)
) ENGINE=InnoDB DEFAULT CHARSET=latin1;

--
-- 테이블의 덤프 데이터 `BeaconLocation`
--

INSERT INTO `BeaconLocation` (`uuid`, `lng`, `lat`) VALUES
('D0:39:72:A4:91:D3', 121.4, 32.1),
('D0:39:72:A4:96:28', 5123, 1231),
('D0:39:72:A4:98:CF', 142.2, 156.9);

-- --------------------------------------------------------

--
-- 테이블 구조 `Customer`
--

CREATE TABLE IF NOT EXISTS `Customer` (
  `cid` int(11) NOT NULL AUTO_INCREMENT,
  `cuid` varchar(255) NOT NULL,
  `password` varchar(255) NOT NULL,
  `phone` varchar(255) NOT NULL,
  PRIMARY KEY (`cid`)
) ENGINE=InnoDB  DEFAULT CHARSET=latin1 AUTO_INCREMENT=3 ;

--
-- 테이블의 덤프 데이터 `Customer`
--

INSERT INTO `Customer` (`cid`, `cuid`, `password`, `phone`) VALUES
(2, 'aa', 'aa', '2729');

-- --------------------------------------------------------

--
-- 테이블 구조 `CustomerLocation`
--

CREATE TABLE IF NOT EXISTS `CustomerLocation` (
  `cid` int(11) NOT NULL,
  `time` datetime NOT NULL,
  `uuid` varchar(255) NOT NULL
) ENGINE=InnoDB DEFAULT CHARSET=latin1;

--
-- 테이블의 덤프 데이터 `CustomerLocation`
--

INSERT INTO `CustomerLocation` (`cid`, `time`, `uuid`) VALUES
(2, '0000-00-00 00:00:00', '2015-09-18 03:06:56'),
(2, '0000-00-00 00:00:00', '2015-09-18 03:06:56'),
(2, '0000-00-00 00:00:00', '2015-09-18 03:06:56'),
(2, '0000-00-00 00:00:00', '2015-09-18 03:06:56'),
(2, '0000-00-00 00:00:00', '2015-09-18 03:06:56'),
(2, '0000-00-00 00:00:00', '2015-09-18 03:06:56'),
(2, '0000-00-00 00:00:00', '2015-09-18 03:06:56'),
(2, '0000-00-00 00:00:00', '2015-09-18 03:06:56'),
(2, '0000-00-00 00:00:00', '2015-09-18 03:06:56'),
(2, '0000-00-00 00:00:00', '2015-09-18 03:06:56'),
(2, '0000-00-00 00:00:00', '2015-09-18 03:06:56'),
(2, '0000-00-00 00:00:00', '2015-09-18 03:06:56'),
(2, '0000-00-00 00:00:00', '2015-09-18 03:06:56'),
(2, '0000-00-00 00:00:00', '2015-09-18 03:06:56'),
(2, '0000-00-00 00:00:00', '2015-09-18 03:06:56'),
(2, '0000-00-00 00:00:00', '2015-09-18 03:06:56'),
(2, '0000-00-00 00:00:00', '2015-09-18 03:06:56'),
(2, '0000-00-00 00:00:00', '2015-09-18 03:06:56'),
(2, '0000-00-00 00:00:00', '2015-09-18 03:06:56'),
(2, '0000-00-00 00:00:00', '2015-09-18 03:06:57'),
(2, '0000-00-00 00:00:00', '2015-09-18 03:06:57'),
(2, '0000-00-00 00:00:00', '2015-09-18 03:06:57'),
(2, '0000-00-00 00:00:00', '2015-09-18 03:06:57'),
(2, '0000-00-00 00:00:00', '2015-09-18 03:06:57'),
(2, '0000-00-00 00:00:00', '2015-09-18 03:06:57'),
(2, '0000-00-00 00:00:00', '2015-09-18 03:06:57'),
(2, '0000-00-00 00:00:00', '2015-09-18 03:06:57'),
(2, '0000-00-00 00:00:00', '2015-09-18 03:06:57'),
(2, '0000-00-00 00:00:00', '2015-09-18 03:06:57'),
(2, '0000-00-00 00:00:00', '2015-09-18 03:06:57'),
(2, '0000-00-00 00:00:00', '2015-09-18 03:06:57'),
(2, '0000-00-00 00:00:00', '2015-09-18 03:06:57'),
(2, '0000-00-00 00:00:00', '2015-09-18 03:06:57'),
(2, '0000-00-00 00:00:00', '2015-09-18 03:06:57'),
(2, '0000-00-00 00:00:00', '2015-09-18 03:06:57'),
(2, '0000-00-00 00:00:00', '2015-09-18 03:06:57'),
(2, '0000-00-00 00:00:00', '2015-09-18 03:06:57'),
(2, '0000-00-00 00:00:00', '2015-09-18 03:06:57'),
(2, '0000-00-00 00:00:00', '2015-09-18 03:06:57'),
(2, '0000-00-00 00:00:00', '2015-09-18 03:06:57'),
(2, '0000-00-00 00:00:00', '2015-09-18 03:06:57'),
(2, '0000-00-00 00:00:00', '2015-09-18 03:06:57'),
(2, '0000-00-00 00:00:00', '2015-09-18 03:06:57'),
(2, '0000-00-00 00:00:00', '2015-09-18 03:06:57'),
(2, '0000-00-00 00:00:00', '2015-09-18 03:06:57'),
(2, '0000-00-00 00:00:00', '2015-09-18 03:06:57'),
(2, '0000-00-00 00:00:00', '2015-09-18 03:06:57'),
(2, '0000-00-00 00:00:00', '2015-09-18 03:06:57'),
(2, '0000-00-00 00:00:00', '2015-09-18 03:06:57'),
(2, '0000-00-00 00:00:00', '2015-09-18 03:06:57'),
(2, '0000-00-00 00:00:00', '2015-09-18 03:06:57'),
(2, '0000-00-00 00:00:00', '2015-09-18 03:06:57'),
(2, '0000-00-00 00:00:00', '2015-09-18 03:06:57'),
(2, '0000-00-00 00:00:00', '2015-09-18 03:06:57'),
(2, '0000-00-00 00:00:00', '2015-09-18 03:06:57'),
(2, '0000-00-00 00:00:00', '2015-09-18 03:06:57'),
(2, '0000-00-00 00:00:00', '2015-09-18 03:06:57'),
(2, '0000-00-00 00:00:00', '2015-09-18 03:06:57'),
(2, '0000-00-00 00:00:00', '2015-09-18 03:06:57'),
(2, '0000-00-00 00:00:00', '2015-09-18 03:06:57'),
(2, '0000-00-00 00:00:00', '2015-09-18 03:06:57'),
(2, '0000-00-00 00:00:00', '2015-09-18 03:06:57'),
(2, '0000-00-00 00:00:00', '2015-09-18 03:06:58'),
(2, '0000-00-00 00:00:00', '2015-09-18 03:06:58'),
(2, '0000-00-00 00:00:00', '2015-09-18 03:06:58'),
(2, '0000-00-00 00:00:00', '2015-09-18 03:06:58'),
(2, '0000-00-00 00:00:00', '2015-09-18 03:06:58'),
(2, '0000-00-00 00:00:00', '2015-09-18 03:06:58'),
(2, '0000-00-00 00:00:00', '2015-09-18 03:06:58'),
(2, '0000-00-00 00:00:00', '2015-09-18 03:06:58'),
(2, '0000-00-00 00:00:00', '2015-09-18 03:06:58'),
(2, '0000-00-00 00:00:00', '2015-09-18 03:06:58'),
(2, '0000-00-00 00:00:00', '2015-09-18 03:06:58'),
(2, '0000-00-00 00:00:00', '2015-09-18 03:06:58'),
(2, '0000-00-00 00:00:00', '2015-09-18 03:06:58'),
(2, '0000-00-00 00:00:00', '2015-09-18 03:06:58'),
(2, '0000-00-00 00:00:00', '2015-09-18 03:06:58'),
(2, '0000-00-00 00:00:00', '2015-09-18 03:06:58'),
(2, '0000-00-00 00:00:00', '2015-09-18 03:06:58'),
(2, '0000-00-00 00:00:00', '2015-09-18 03:06:58'),
(2, '0000-00-00 00:00:00', '2015-09-18 03:06:58'),
(2, '0000-00-00 00:00:00', '2015-09-18 03:06:58'),
(2, '0000-00-00 00:00:00', '2015-09-18 03:06:58'),
(2, '0000-00-00 00:00:00', '2015-09-18 03:06:58'),
(2, '0000-00-00 00:00:00', '2015-09-18 03:06:58'),
(2, '0000-00-00 00:00:00', '2015-09-18 03:06:58'),
(2, '0000-00-00 00:00:00', '2015-09-18 03:06:58'),
(2, '0000-00-00 00:00:00', '2015-09-18 03:06:58'),
(2, '0000-00-00 00:00:00', '2015-09-18 03:06:58'),
(2, '0000-00-00 00:00:00', '2015-09-18 03:06:58'),
(2, '0000-00-00 00:00:00', '2015-09-18 03:06:58'),
(2, '0000-00-00 00:00:00', '2015-09-18 03:06:58'),
(2, '0000-00-00 00:00:00', '2015-09-18 03:06:58'),
(2, '0000-00-00 00:00:00', '2015-09-18 03:06:58'),
(2, '0000-00-00 00:00:00', '2015-09-18 03:06:58'),
(2, '0000-00-00 00:00:00', '2015-09-18 03:06:58'),
(2, '0000-00-00 00:00:00', '2015-09-18 03:06:58'),
(2, '0000-00-00 00:00:00', '2015-09-18 03:06:58'),
(2, '0000-00-00 00:00:00', '2015-09-18 03:06:58'),
(2, '0000-00-00 00:00:00', '2015-09-18 03:06:58'),
(2, '0000-00-00 00:00:00', '2015-09-18 03:06:58'),
(2, '0000-00-00 00:00:00', '2015-09-18 03:06:58'),
(2, '0000-00-00 00:00:00', '2015-09-18 03:06:58'),
(2, '0000-00-00 00:00:00', '2015-09-18 03:06:58'),
(2, '0000-00-00 00:00:00', '2015-09-18 03:06:58'),
(2, '0000-00-00 00:00:00', '2015-09-18 03:06:59'),
(2, '0000-00-00 00:00:00', '2015-09-18 03:06:59'),
(2, '0000-00-00 00:00:00', '2015-09-18 03:06:59'),
(2, '0000-00-00 00:00:00', '2015-09-18 03:06:59'),
(2, '0000-00-00 00:00:00', '2015-09-18 03:06:59'),
(2, '0000-00-00 00:00:00', '2015-09-18 03:06:59'),
(2, '0000-00-00 00:00:00', '2015-09-18 03:06:59'),
(2, '0000-00-00 00:00:00', '2015-09-18 03:06:59'),
(2, '0000-00-00 00:00:00', '2015-09-18 03:06:59'),
(2, '0000-00-00 00:00:00', '2015-09-18 03:06:59'),
(2, '0000-00-00 00:00:00', '2015-09-18 03:06:59'),
(2, '0000-00-00 00:00:00', '2015-09-18 03:06:59'),
(2, '0000-00-00 00:00:00', '2015-09-18 03:06:59'),
(2, '0000-00-00 00:00:00', '2015-09-18 03:06:59'),
(2, '0000-00-00 00:00:00', '2015-09-18 03:06:59'),
(2, '0000-00-00 00:00:00', '2015-09-18 03:06:59'),
(2, '0000-00-00 00:00:00', '2015-09-18 03:06:59'),
(2, '0000-00-00 00:00:00', '2015-09-18 03:06:59'),
(2, '0000-00-00 00:00:00', '2015-09-18 03:06:59'),
(2, '0000-00-00 00:00:00', '2015-09-18 03:06:59'),
(2, '0000-00-00 00:00:00', '2015-09-18 03:06:59'),
(2, '0000-00-00 00:00:00', '2015-09-18 03:06:59'),
(2, '0000-00-00 00:00:00', '2015-09-18 03:06:59'),
(2, '0000-00-00 00:00:00', '2015-09-18 03:06:59'),
(2, '0000-00-00 00:00:00', '2015-09-18 03:06:59'),
(2, '0000-00-00 00:00:00', '2015-09-18 03:06:59'),
(2, '0000-00-00 00:00:00', '2015-09-18 03:06:59'),
(2, '0000-00-00 00:00:00', '2015-09-18 03:06:59'),
(2, '0000-00-00 00:00:00', '2015-09-18 03:06:59'),
(2, '0000-00-00 00:00:00', '2015-09-18 03:06:59'),
(2, '0000-00-00 00:00:00', '2015-09-18 03:06:59'),
(2, '0000-00-00 00:00:00', '2015-09-18 03:06:59'),
(2, '0000-00-00 00:00:00', '2015-09-18 03:06:59'),
(2, '0000-00-00 00:00:00', '2015-09-18 03:06:59'),
(2, '0000-00-00 00:00:00', '2015-09-18 03:06:59'),
(2, '0000-00-00 00:00:00', '2015-09-18 03:06:59'),
(2, '0000-00-00 00:00:00', '2015-09-18 03:06:59'),
(2, '0000-00-00 00:00:00', '2015-09-18 03:06:59'),
(2, '0000-00-00 00:00:00', '2015-09-18 03:06:59'),
(2, '0000-00-00 00:00:00', '2015-09-18 03:06:59'),
(2, '0000-00-00 00:00:00', '2015-09-18 03:06:59'),
(2, '0000-00-00 00:00:00', '2015-09-18 03:06:59'),
(2, '0000-00-00 00:00:00', '2015-09-18 03:06:59'),
(2, '0000-00-00 00:00:00', '2015-09-18 03:07:00'),
(2, '0000-00-00 00:00:00', '2015-09-18 03:07:00'),
(2, '0000-00-00 00:00:00', '2015-09-18 03:07:00'),
(2, '0000-00-00 00:00:00', '2015-09-18 03:07:00'),
(2, '0000-00-00 00:00:00', '2015-09-18 03:07:00'),
(2, '0000-00-00 00:00:00', '2015-09-18 03:07:00'),
(2, '0000-00-00 00:00:00', '2015-09-18 03:07:00'),
(2, '0000-00-00 00:00:00', '2015-09-18 03:07:00'),
(2, '0000-00-00 00:00:00', '2015-09-18 03:07:00'),
(2, '0000-00-00 00:00:00', '2015-09-18 03:07:00'),
(2, '0000-00-00 00:00:00', '2015-09-18 03:07:00'),
(2, '0000-00-00 00:00:00', '2015-09-18 03:07:00'),
(2, '0000-00-00 00:00:00', '2015-09-18 03:07:00'),
(2, '0000-00-00 00:00:00', '2015-09-18 03:07:00'),
(2, '0000-00-00 00:00:00', '2015-09-18 03:07:00'),
(2, '0000-00-00 00:00:00', '2015-09-18 03:07:00'),
(2, '0000-00-00 00:00:00', '2015-09-18 03:07:00'),
(2, '0000-00-00 00:00:00', '2015-09-18 03:07:00'),
(2, '0000-00-00 00:00:00', '2015-09-18 03:07:00'),
(2, '0000-00-00 00:00:00', '2015-09-18 03:07:00'),
(2, '0000-00-00 00:00:00', '2015-09-18 03:07:00'),
(2, '0000-00-00 00:00:00', '2015-09-18 03:07:00'),
(2, '0000-00-00 00:00:00', '2015-09-18 03:07:00'),
(2, '0000-00-00 00:00:00', '2015-09-18 03:07:00'),
(2, '0000-00-00 00:00:00', '2015-09-18 03:07:00'),
(2, '0000-00-00 00:00:00', '2015-09-18 03:07:00'),
(2, '0000-00-00 00:00:00', '2015-09-18 03:07:00'),
(2, '0000-00-00 00:00:00', '2015-09-18 03:07:00'),
(2, '0000-00-00 00:00:00', '2015-09-18 03:07:00'),
(2, '0000-00-00 00:00:00', '2015-09-18 03:07:00'),
(2, '0000-00-00 00:00:00', '2015-09-18 03:07:00'),
(2, '0000-00-00 00:00:00', '2015-09-18 03:07:00'),
(2, '0000-00-00 00:00:00', '2015-09-18 03:07:00'),
(2, '0000-00-00 00:00:00', '2015-09-18 03:07:00'),
(2, '0000-00-00 00:00:00', '2015-09-18 03:07:00'),
(2, '0000-00-00 00:00:00', '2015-09-18 03:07:00'),
(2, '0000-00-00 00:00:00', '2015-09-18 03:07:00'),
(2, '0000-00-00 00:00:00', '2015-09-18 03:07:00'),
(2, '0000-00-00 00:00:00', '2015-09-18 03:07:00'),
(2, '0000-00-00 00:00:00', '2015-09-18 03:07:00'),
(2, '0000-00-00 00:00:00', '2015-09-18 03:07:00'),
(2, '0000-00-00 00:00:00', '2015-09-18 03:07:00'),
(2, '0000-00-00 00:00:00', '2015-09-18 03:07:01'),
(2, '0000-00-00 00:00:00', '2015-09-18 03:07:01'),
(2, '0000-00-00 00:00:00', '2015-09-18 03:07:01'),
(2, '0000-00-00 00:00:00', '2015-09-18 03:07:01'),
(2, '0000-00-00 00:00:00', '2015-09-18 03:07:01'),
(2, '0000-00-00 00:00:00', '2015-09-18 03:07:01'),
(2, '0000-00-00 00:00:00', '2015-09-18 03:07:01'),
(2, '0000-00-00 00:00:00', '2015-09-18 03:07:01'),
(2, '0000-00-00 00:00:00', '2015-09-18 03:07:01'),
(2, '0000-00-00 00:00:00', '2015-09-18 03:07:01'),
(2, '0000-00-00 00:00:00', '2015-09-18 03:07:01'),
(2, '0000-00-00 00:00:00', '2015-09-18 03:07:01'),
(2, '0000-00-00 00:00:00', '2015-09-18 03:07:01'),
(2, '0000-00-00 00:00:00', '2015-09-18 03:07:01'),
(2, '0000-00-00 00:00:00', '2015-09-18 03:07:01'),
(2, '0000-00-00 00:00:00', '2015-09-18 03:07:01'),
(2, '0000-00-00 00:00:00', '2015-09-18 03:07:01'),
(2, '0000-00-00 00:00:00', '2015-09-18 03:07:01'),
(2, '0000-00-00 00:00:00', '2015-09-18 03:07:01'),
(2, '0000-00-00 00:00:00', '2015-09-18 03:07:01'),
(2, '0000-00-00 00:00:00', '2015-09-18 03:07:01'),
(2, '0000-00-00 00:00:00', '2015-09-18 03:07:01'),
(2, '0000-00-00 00:00:00', '2015-09-18 03:07:01'),
(2, '0000-00-00 00:00:00', '2015-09-18 03:07:01'),
(2, '0000-00-00 00:00:00', '2015-09-18 03:07:01'),
(2, '0000-00-00 00:00:00', '2015-09-18 03:07:01'),
(2, '0000-00-00 00:00:00', '2015-09-18 03:07:01'),
(2, '0000-00-00 00:00:00', '2015-09-18 03:07:01'),
(2, '0000-00-00 00:00:00', '2015-09-18 03:07:01'),
(2, '0000-00-00 00:00:00', '2015-09-18 03:07:01'),
(2, '0000-00-00 00:00:00', '2015-09-18 03:07:01'),
(2, '0000-00-00 00:00:00', '2015-09-18 03:07:01'),
(2, '0000-00-00 00:00:00', '2015-09-18 03:07:01'),
(2, '0000-00-00 00:00:00', '2015-09-18 03:07:01'),
(2, '0000-00-00 00:00:00', '2015-09-18 03:07:01'),
(2, '0000-00-00 00:00:00', '2015-09-18 03:07:01'),
(2, '0000-00-00 00:00:00', '2015-09-18 03:07:01'),
(2, '0000-00-00 00:00:00', '2015-09-18 03:07:01'),
(2, '0000-00-00 00:00:00', '2015-09-18 03:07:01'),
(2, '0000-00-00 00:00:00', '2015-09-18 03:07:01'),
(2, '0000-00-00 00:00:00', '2015-09-18 03:07:01'),
(2, '0000-00-00 00:00:00', '2015-09-18 03:07:01'),
(2, '0000-00-00 00:00:00', '2015-09-18 03:07:01'),
(2, '0000-00-00 00:00:00', '2015-09-18 03:07:01'),
(2, '0000-00-00 00:00:00', '2015-09-18 03:07:01'),
(2, '0000-00-00 00:00:00', '2015-09-18 03:07:02'),
(2, '0000-00-00 00:00:00', '2015-09-18 03:07:02'),
(2, '0000-00-00 00:00:00', '2015-09-18 03:07:02'),
(2, '0000-00-00 00:00:00', '2015-09-18 03:07:02'),
(2, '0000-00-00 00:00:00', '2015-09-18 03:07:02'),
(2, '0000-00-00 00:00:00', '2015-09-18 03:07:02'),
(2, '0000-00-00 00:00:00', '2015-09-18 03:07:02'),
(2, '0000-00-00 00:00:00', '2015-09-18 03:07:02'),
(2, '0000-00-00 00:00:00', '2015-09-18 03:07:02'),
(2, '0000-00-00 00:00:00', '2015-09-18 03:07:02'),
(2, '0000-00-00 00:00:00', '2015-09-18 03:07:02'),
(2, '0000-00-00 00:00:00', '2015-09-18 03:07:02'),
(2, '0000-00-00 00:00:00', '2015-09-18 03:07:02'),
(2, '0000-00-00 00:00:00', '2015-09-18 03:07:02'),
(2, '0000-00-00 00:00:00', '2015-09-18 03:07:02'),
(2, '0000-00-00 00:00:00', '2015-09-18 03:07:02'),
(2, '0000-00-00 00:00:00', '2015-09-18 03:07:02'),
(2, '0000-00-00 00:00:00', '2015-09-18 03:07:02'),
(2, '0000-00-00 00:00:00', '2015-09-18 03:07:02'),
(2, '0000-00-00 00:00:00', '2015-09-18 03:07:02'),
(2, '0000-00-00 00:00:00', '2015-09-18 03:07:02'),
(2, '0000-00-00 00:00:00', '2015-09-18 03:07:02'),
(2, '0000-00-00 00:00:00', '2015-09-18 03:07:02'),
(2, '0000-00-00 00:00:00', '2015-09-18 03:07:02'),
(2, '0000-00-00 00:00:00', '2015-09-18 03:07:02'),
(2, '0000-00-00 00:00:00', '2015-09-18 03:07:02'),
(2, '0000-00-00 00:00:00', '2015-09-18 03:07:02'),
(2, '0000-00-00 00:00:00', '2015-09-18 03:07:02'),
(2, '0000-00-00 00:00:00', '2015-09-18 03:07:02'),
(2, '0000-00-00 00:00:00', '2015-09-18 03:07:02'),
(2, '0000-00-00 00:00:00', '2015-09-18 03:07:02'),
(2, '0000-00-00 00:00:00', '2015-09-18 03:07:02'),
(2, '0000-00-00 00:00:00', '2015-09-18 03:07:02'),
(2, '0000-00-00 00:00:00', '2015-09-18 03:07:02'),
(2, '0000-00-00 00:00:00', '2015-09-18 03:07:02'),
(2, '0000-00-00 00:00:00', '2015-09-18 03:07:02'),
(2, '0000-00-00 00:00:00', '2015-09-18 03:07:02'),
(2, '0000-00-00 00:00:00', '2015-09-18 03:07:02'),
(2, '0000-00-00 00:00:00', '2015-09-18 03:07:03'),
(2, '0000-00-00 00:00:00', '2015-09-18 03:07:03'),
(2, '0000-00-00 00:00:00', '2015-09-18 03:07:03'),
(2, '0000-00-00 00:00:00', '2015-09-18 03:07:03'),
(2, '0000-00-00 00:00:00', '2015-09-18 03:07:03'),
(2, '0000-00-00 00:00:00', '2015-09-18 03:07:03'),
(2, '0000-00-00 00:00:00', '2015-09-18 03:07:03'),
(2, '0000-00-00 00:00:00', '2015-09-18 03:07:03'),
(2, '0000-00-00 00:00:00', '2015-09-18 03:07:03'),
(2, '0000-00-00 00:00:00', '2015-09-18 03:07:03'),
(2, '0000-00-00 00:00:00', '2015-09-18 03:07:03'),
(2, '0000-00-00 00:00:00', '2015-09-18 03:07:03'),
(2, '0000-00-00 00:00:00', '2015-09-18 03:07:03'),
(2, '0000-00-00 00:00:00', '2015-09-18 03:07:03'),
(2, '0000-00-00 00:00:00', '2015-09-18 03:07:03'),
(2, '0000-00-00 00:00:00', '2015-09-18 03:07:03'),
(2, '0000-00-00 00:00:00', '2015-09-18 03:07:03'),
(2, '0000-00-00 00:00:00', '2015-09-18 03:07:03'),
(2, '0000-00-00 00:00:00', '2015-09-18 03:07:03'),
(2, '0000-00-00 00:00:00', '2015-09-18 03:07:03'),
(2, '0000-00-00 00:00:00', '2015-09-18 03:07:03'),
(2, '0000-00-00 00:00:00', '2015-09-18 03:07:03'),
(2, '0000-00-00 00:00:00', '2015-09-18 03:07:03'),
(2, '0000-00-00 00:00:00', '2015-09-18 03:07:03'),
(2, '0000-00-00 00:00:00', '2015-09-18 03:07:03'),
(2, '0000-00-00 00:00:00', '2015-09-18 03:07:03'),
(2, '0000-00-00 00:00:00', '2015-09-18 03:07:03'),
(2, '0000-00-00 00:00:00', '2015-09-18 03:07:03'),
(2, '0000-00-00 00:00:00', '2015-09-18 03:07:03'),
(2, '0000-00-00 00:00:00', '2015-09-18 03:07:03'),
(2, '0000-00-00 00:00:00', '2015-09-18 03:07:03'),
(2, '0000-00-00 00:00:00', '2015-09-18 03:07:03'),
(2, '0000-00-00 00:00:00', '2015-09-18 03:07:03'),
(2, '0000-00-00 00:00:00', '2015-09-18 03:07:03'),
(2, '0000-00-00 00:00:00', '2015-09-18 03:07:03'),
(2, '0000-00-00 00:00:00', '2015-09-18 03:07:03'),
(2, '0000-00-00 00:00:00', '2015-09-18 03:07:03'),
(2, '0000-00-00 00:00:00', '2015-09-18 03:07:03'),
(2, '0000-00-00 00:00:00', '2015-09-18 03:07:03'),
(2, '0000-00-00 00:00:00', '2015-09-18 03:07:03'),
(2, '0000-00-00 00:00:00', '2015-09-18 03:07:03'),
(2, '0000-00-00 00:00:00', '2015-09-18 03:07:03'),
(2, '0000-00-00 00:00:00', '2015-09-18 03:07:03'),
(2, '0000-00-00 00:00:00', '2015-09-18 03:07:04'),
(2, '0000-00-00 00:00:00', '2015-09-18 03:07:04'),
(2, '0000-00-00 00:00:00', '2015-09-18 03:07:04'),
(2, '0000-00-00 00:00:00', '2015-09-18 03:07:04'),
(2, '0000-00-00 00:00:00', '2015-09-18 03:07:04'),
(2, '0000-00-00 00:00:00', '2015-09-18 03:07:04'),
(2, '0000-00-00 00:00:00', '2015-09-18 03:07:04'),
(2, '0000-00-00 00:00:00', '2015-09-18 03:09:30'),
(2, '0000-00-00 00:00:00', '2015-09-18 03:09:30'),
(2, '0000-00-00 00:00:00', '2015-09-18 03:09:30'),
(2, '0000-00-00 00:00:00', '2015-09-18 03:09:30'),
(2, '0000-00-00 00:00:00', '2015-09-18 03:39:05'),
(2, '0000-00-00 00:00:00', '2015-09-18 03:40:52'),
(2, '0000-00-00 00:00:00', '2015-09-18 03:43:43'),
(2, '0000-00-00 00:00:00', '2015-09-18 03:43:44'),
(2, '0000-00-00 00:00:00', '2015-09-18 04:22:46'),
(2, '0000-00-00 00:00:00', '2015-09-18 04:22:46'),
(2, '0000-00-00 00:00:00', '2015-09-18 04:22:48'),
(2, '0000-00-00 00:00:00', '2015-09-18 04:26:58'),
(2, '0000-00-00 00:00:00', '2015-09-18 04:26:58'),
(2, '0000-00-00 00:00:00', '2015-09-18 04:41:29'),
(2, '0000-00-00 00:00:00', '2015-09-18 04:57:56'),
(2, '0000-00-00 00:00:00', '2015-09-18 04:57:57'),
(2, '0000-00-00 00:00:00', '2015-09-18 05:31:21'),
(2, '0000-00-00 00:00:00', '2015-09-18 05:31:21'),
(2, '0000-00-00 00:00:00', '2015-09-18 05:31:22'),
(2, '0000-00-00 00:00:00', '2015-09-18 05:31:22'),
(2, '0000-00-00 00:00:00', '2015-09-18 05:31:22'),
(2, '0000-00-00 00:00:00', '2015-09-18 06:14:02'),
(2, '0000-00-00 00:00:00', '2015-09-18 06:15:21'),
(2, '0000-00-00 00:00:00', '2015-09-18 06:28:59'),
(2, '0000-00-00 00:00:00', '2015-09-18 06:28:59'),
(2, '0000-00-00 00:00:00', '2015-09-18 06:28:59');

-- --------------------------------------------------------

--
-- 테이블 구조 `ItemList`
--

CREATE TABLE IF NOT EXISTS `ItemList` (
  `lid` int(11) NOT NULL AUTO_INCREMENT,
  `oid` int(11) NOT NULL,
  `pid` int(11) NOT NULL,
  `quantity` int(11) NOT NULL,
  PRIMARY KEY (`lid`)
) ENGINE=InnoDB  DEFAULT CHARSET=latin1 AUTO_INCREMENT=15 ;

--
-- 테이블의 덤프 데이터 `ItemList`
--

INSERT INTO `ItemList` (`lid`, `oid`, `pid`, `quantity`) VALUES
(1, 1, 2, 3),
(2, 2, 2, 6),
(3, 3, 1, 1),
(4, 4, 1, 1),
(5, 5, 2, 1),
(6, 6, 4, 3),
(7, 7, 1, 1),
(8, 8, 3, 2),
(9, 9, 1, 1),
(10, 10, 1, 1),
(11, 11, 1, 3),
(12, 12, 1, 1),
(13, 13, 1, 1),
(14, 14, 1, 1);

-- --------------------------------------------------------

--
-- 테이블 구조 `OrderInformation`
--

CREATE TABLE IF NOT EXISTS `OrderInformation` (
  `oid` int(11) NOT NULL AUTO_INCREMENT,
  `cid` int(11) NOT NULL,
  `sid` int(11) NOT NULL,
  `state` int(11) NOT NULL,
  `orderTime` datetime NOT NULL,
  `receiveTime` datetime NOT NULL,
  PRIMARY KEY (`oid`)
) ENGINE=InnoDB  DEFAULT CHARSET=latin1 AUTO_INCREMENT=15 ;

--
-- 테이블의 덤프 데이터 `OrderInformation`
--

INSERT INTO `OrderInformation` (`oid`, `cid`, `sid`, `state`, `orderTime`, `receiveTime`) VALUES
(1, 2, 1, 0, '0000-00-00 00:00:00', '0000-00-00 00:00:00'),
(2, 2, 1, 2, '0000-00-00 00:00:00', '2015-09-18 12:09:48'),
(3, 2, 1, 0, '0000-00-00 00:00:00', '0000-00-00 00:00:00'),
(4, 2, 1, 0, '0000-00-00 00:00:00', '0000-00-00 00:00:00'),
(5, 2, 1, 0, '0000-00-00 00:00:00', '0000-00-00 00:00:00'),
(6, 2, 1, 0, '0000-00-00 00:00:00', '0000-00-00 00:00:00'),
(7, 2, 1, 0, '0000-00-00 00:00:00', '0000-00-00 00:00:00'),
(8, 2, 1, 2, '0000-00-00 00:00:00', '2015-09-18 13:30:06'),
(9, 2, 1, 2, '0000-00-00 00:00:00', '2015-09-18 13:41:50'),
(10, 2, 1, 2, '0000-00-00 00:00:00', '2015-09-18 13:58:19'),
(11, 2, 1, 0, '0000-00-00 00:00:00', '0000-00-00 00:00:00'),
(12, 2, 1, 0, '0000-00-00 00:00:00', '0000-00-00 00:00:00'),
(13, 2, 1, 2, '0000-00-00 00:00:00', '2015-09-18 15:15:30'),
(14, 2, 1, 0, '0000-00-00 00:00:00', '0000-00-00 00:00:00');

-- --------------------------------------------------------

--
-- 테이블 구조 `Product`
--

CREATE TABLE IF NOT EXISTS `Product` (
  `pid` int(11) NOT NULL AUTO_INCREMENT,
  `sid` int(11) NOT NULL,
  `pname` varchar(255) NOT NULL,
  `price` int(11) NOT NULL,
  PRIMARY KEY (`pid`)
) ENGINE=InnoDB  DEFAULT CHARSET=latin1 AUTO_INCREMENT=5 ;

--
-- 테이블의 덤프 데이터 `Product`
--

INSERT INTO `Product` (`pid`, `sid`, `pname`, `price`) VALUES
(1, 1, 'americano', 2000),
(2, 1, 'cafe latte', 3000),
(3, 1, 'yogurt', 3000),
(4, 1, 'sandwich', 2500);

-- --------------------------------------------------------

--
-- 테이블 구조 `Shop`
--

CREATE TABLE IF NOT EXISTS `Shop` (
  `sid` int(11) NOT NULL AUTO_INCREMENT,
  `sname` varchar(255) NOT NULL,
  `lng` double NOT NULL,
  `lat` double NOT NULL,
  `state` int(11) NOT NULL,
  `session` varchar(255) NOT NULL,
  PRIMARY KEY (`sid`)
) ENGINE=InnoDB  DEFAULT CHARSET=latin1 AUTO_INCREMENT=2 ;

--
-- 테이블의 덤프 데이터 `Shop`
--

INSERT INTO `Shop` (`sid`, `sname`, `lng`, `lat`, `state`, `session`) VALUES
(1, 'cafeASCII', 123.4, 123.4, 15, 'aaa');

/*!40101 SET CHARACTER_SET_CLIENT=@OLD_CHARACTER_SET_CLIENT */;
/*!40101 SET CHARACTER_SET_RESULTS=@OLD_CHARACTER_SET_RESULTS */;
/*!40101 SET COLLATION_CONNECTION=@OLD_COLLATION_CONNECTION */;
